id,facet,group_id,label_bn,label_en,description,aliases,example_query_bn,example_query_en,embedding_text,title_evidence_book_count,representative_books
liberation_war,subject,liberation,মুক্তিযুদ্ধের ইতিহাস,Liberation War history,"The origins, course and aftermath of Bangladesh's 1971 independence war.","[""মুক্তিযুদ্ধ"", ""একাত্তর"", ""বাংলাদেশের স্বাধীনতা যুদ্ধ"", ""1971 liberation war"", ""muktijuddho""]",বাংলাদেশের মুক্তিযুদ্ধের পটভূমি নিয়ে বই,Books about the origins of Bangladesh's Liberation War,"মুক্তিযুদ্ধের ইতিহাস. Liberation War history. The origins, course and aftermath of Bangladesh's 1971 independence war. Keywords: মুক্তিযুদ্ধ, একাত্তর, বাংলাদেশের স্বাধীনতা যুদ্ধ, 1971 liberation war, muktijuddho.",1141,"[{""source_record"": 1, ""title"": ""বাংলাদেশের স্বাধীনতা যুদ্ধ ও গণহত্যার ইতিহাস"", ""author"": ""লেফটেন্যান্ট ইমরান আহমেদ চৌধুরী বিইএম"", ""evidence_field"": ""Book Name""}, {""source_record"": 2192, ""title"": ""বাংলাদেশের স্বাধীনতা যুদ্ধের আড়ালে যুদ্ধ"", ""author"": ""অধ্যাপক আবু সাইয়িদ"", ""evidence_field"": ""Book Name""}]"
war_campaigns,subject,liberation,রণাঙ্গন ও গেরিলা যুদ্ধ,Military campaigns and guerrilla warfare,"Battlefields, military operations, sectors, commanders and guerrilla resistance in 1971.","[""রণাঙ্গন"", ""গেরিলা"", ""মুক্তিবাহিনী"", ""সেক্টর কমান্ডার"", ""guerrilla warfare"", ""battlefield""]",একাত্তরের গেরিলা অভিযান ও সেক্টর কমান্ডারদের নিয়ে বই,Books about guerrilla operations and sector commanders in 1971,"রণাঙ্গন ও গেরিলা যুদ্ধ. Military campaigns and guerrilla warfare. Battlefields, military operations, sectors, commanders and guerrilla resistance in 1971. Keywords: রণাঙ্গন, গেরিলা, মুক্তিবাহিনী, সেক্টর কমান্ডার, guerrilla warfare, battlefield.",53,"[{""source_record"": 274, ""title"": ""একাত্তরের মুক্তিযুদ্ধ : একজন সেক্টর কমান্ডারের স্মৃতিকথা"", ""author"": ""কর্নেল (অব.) কাজী নূর-উজ্জামান"", ""evidence_field"": ""Book Name""}, {""source_record"": 440, ""title"": ""সেক্টর কমান্ডার"", ""author"": ""শাহজাহান সাজু"", ""evidence_field"": ""Book Name""}]"
war_atrocities,subject,liberation,গণহত্যা ও যুদ্ধাপরাধ,Genocide and war crimes,"Mass killings, torture, killing sites, collaborators and accountability, especially in 1971.","[""গণহত্যা"", ""বধ্যভূমি"", ""যুদ্ধাপরাধ"", ""রাজাকার"", ""genocide"", ""war crimes""]",একাত্তরের গণহত্যা ও যুদ্ধাপরাধের বিচার নিয়ে বই,Books about the 1971 genocide and war crimes trials,"গণহত্যা ও যুদ্ধাপরাধ. Genocide and war crimes. Mass killings, torture, killing sites, collaborators and accountability, especially in 1971. Keywords: গণহত্যা, বধ্যভূমি, যুদ্ধাপরাধ, রাজাকার, genocide, war crimes.",74,"[{""source_record"": 157, ""title"": ""একাত্তরের গণহত্যা, নির্যাতন ও যুদ্ধাপরাধীদের বিচার"", ""author"": ""শাহরিয়ার কবির"", ""evidence_field"": ""Book Name""}, {""source_record"": 301, ""title"": ""যুদ্ধাপরাধ দেশে দেশে"", ""author"": ""ঊর্মি রহমান"", ""evidence_field"": ""Book Name""}]"
war_refugees,subject,liberation,যুদ্ধকালীন শরণার্থী ও বাস্তুচ্যুতি,Wartime refugees and displacement,"Refugee camps, flight, exile and civilian displacement during the Liberation War.","[""শরণার্থী"", ""শরণার্থী শিবির"", ""উদ্বাস্তু"", ""refugee camps"", ""wartime displacement""]",মুক্তিযুদ্ধের সময় শরণার্থী শিবিরের জীবন কেমন ছিল,Books about life in refugee camps during the Liberation War,"যুদ্ধকালীন শরণার্থী ও বাস্তুচ্যুতি. Wartime refugees and displacement. Refugee camps, flight, exile and civilian displacement during the Liberation War. Keywords: শরণার্থী, শরণার্থী শিবির, উদ্বাস্তু, refugee camps, wartime displacement.",11,"[{""source_record"": 530, ""title"": ""১৯৭১ শরণার্থী জীবনের স্মৃতি"", ""author"": ""প্রফেসর ননী গোপাল সরকার"", ""evidence_field"": ""Book Name""}, {""source_record"": 1148, ""title"": ""শরণার্থী শিবির থেকে সম্মুখ যুদ্ধে"", ""author"": ""মোজাম্মেল হক নিয়োগী"", ""evidence_field"": ""Book Name""}]"
war_women,subject,liberation,মুক্তিযুদ্ধে নারী ও বীরাঙ্গনা,Women in the Liberation War,"Women fighters, survivors, wartime sexual violence and women's experiences of 1971.","[""বীরাঙ্গনা"", ""নারী মুক্তিযোদ্ধা"", ""মুক্তিযুদ্ধে নারী"", ""women freedom fighters"", ""wartime survivors""]",নারী মুক্তিযোদ্ধা ও বীরাঙ্গনাদের অভিজ্ঞতা নিয়ে বই,Books about women freedom fighters and survivors of 1971,"মুক্তিযুদ্ধে নারী ও বীরাঙ্গনা. Women in the Liberation War. Women fighters, survivors, wartime sexual violence and women's experiences of 1971. Keywords: বীরাঙ্গনা, নারী মুক্তিযোদ্ধা, মুক্তিযুদ্ধে নারী, women freedom fighters, wartime survivors.",35,"[{""source_record"": 195, ""title"": ""গেরিলা নারী : নারী মুক্তিযোদ্ধাদের স্মৃতিকথা"", ""author"": ""বিচারপতি মুহাম্মদ হাবিবুর রহমান"", ""evidence_field"": ""Book Name""}, {""source_record"": 3267, ""title"": ""মুক্তিযুদ্ধে নারীর ভূমিকা"", ""author"": ""শাহনাজ পারভীন (নাট্যকার)"", ""evidence_field"": ""Book Name""}]"
war_documents,subject,liberation,মুক্তিযুদ্ধের দলিল ও আন্তর্জাতিক প্রতিক্রিয়া,War documents and international responses,"Primary documents, diplomatic records and foreign reactions concerning Bangladesh's independence war.","[""মুক্তিযুদ্ধের দলিল"", ""গোপন দলিল"", ""আন্তর্জাতিক প্রতিক্রিয়া"", ""liberation war documents"", ""declassified records""]",বিদেশি দলিলে বাংলাদেশের মুক্তিযুদ্ধ সম্পর্কে কী আছে,Books on foreign records and international responses to the Liberation War,"মুক্তিযুদ্ধের দলিল ও আন্তর্জাতিক প্রতিক্রিয়া. War documents and international responses. Primary documents, diplomatic records and foreign reactions concerning Bangladesh's independence war. Keywords: মুক্তিযুদ্ধের দলিল, গোপন দলিল, আন্তর্জাতিক প্রতিক্রিয়া, liberation war documents, declassified records.",3,"[{""source_record"": 312, ""title"": ""মুক্তিযুদ্ধের দলিলপত্র : ফরিদপুর"", ""author"": ""আবু সাঈদ খান"", ""evidence_field"": ""Book Name""}, {""source_record"": 134, ""title"": ""বাংলাদেশের মুক্তিযুদ্ধে মার্কিন ভূমিকার গোপন দলিল"", ""author"": ""আসিফ রশীদ"", ""evidence_field"": ""Book Name""}]"
war_media,subject,liberation,মুক্তিযুদ্ধের বেতার ও সাংস্কৃতিক প্রতিরোধ,Wartime broadcasting and cultural resistance,"Swadhin Bangla Betar Kendra, wartime songs and cultural mobilisation for independence.","[""স্বাধীন বাংলা বেতার"", ""মুক্তিযুদ্ধের গান"", ""সাংস্কৃতিক প্রতিরোধ"", ""wartime radio"", ""cultural resistance""]",স্বাধীন বাংলা বেতার কেন্দ্রের ভূমিকা নিয়ে বই,Books about the role of Swadhin Bangla Betar Kendra,"মুক্তিযুদ্ধের বেতার ও সাংস্কৃতিক প্রতিরোধ. Wartime broadcasting and cultural resistance. Swadhin Bangla Betar Kendra, wartime songs and cultural mobilisation for independence. Keywords: স্বাধীন বাংলা বেতার, মুক্তিযুদ্ধের গান, সাংস্কৃতিক প্রতিরোধ, wartime radio, cultural resistance.",8,"[{""source_record"": 526, ""title"": ""গণসঙ্গীত ও মুক্তিযুদ্ধ"", ""author"": ""ফকির আলমগীর"", ""evidence_field"": ""Book Name""}, {""source_record"": 6860, ""title"": ""স্বাধীন বাংলা বেতারের গান"", ""author"": ""রফিকুল আলম"", ""evidence_field"": ""Book Name""}]"
national_history,subject,history,বাংলাদেশ ও বাংলার ইতিহাস,History of Bangladesh and Bengal,"The historical development of Bengal, Bengali identity and Bangladesh across periods.","[""বাংলার ইতিহাস"", ""বাংলাদেশের ইতিহাস"", ""বাঙালির ইতিহাস"", ""Bengal history"", ""Bangladesh history""]",বাঙালি জাতির পরিচয় ও বাংলাদেশের ইতিহাস নিয়ে বই,Books about Bengali identity and the history of Bangladesh,"বাংলাদেশ ও বাংলার ইতিহাস. History of Bangladesh and Bengal. The historical development of Bengal, Bengali identity and Bangladesh across periods. Keywords: বাংলার ইতিহাস, বাংলাদেশের ইতিহাস, বাঙালির ইতিহাস, Bengal history, Bangladesh history.",42,"[{""source_record"": 2788, ""title"": ""বাংলাদেশের ইতিহাসের রূপরেখা"", ""author"": ""আশফাক হোসেন"", ""evidence_field"": ""Book Name""}, {""source_record"": 3637, ""title"": ""বাংলাদেশের ইতিহাসের গোড়ার কথা"", ""author"": ""মোহাম্মদ মোশাররফ হোসেন"", ""evidence_field"": ""Book Name""}]"
local_history,subject,history,আঞ্চলিক ও নগর ইতিহাস,Regional and urban history,"The histories of districts, towns, cities and local communities, including Dhaka.","[""জেলার ইতিহাস"", ""ঢাকার ইতিহাস"", ""আঞ্চলিক ইতিহাস"", ""local history"", ""urban history""]",পুরনো ঢাকার সমাজ ও নগরজীবন নিয়ে বই,Books about old Dhaka's society and urban life,"আঞ্চলিক ও নগর ইতিহাস. Regional and urban history. The histories of districts, towns, cities and local communities, including Dhaka. Keywords: জেলার ইতিহাস, ঢাকার ইতিহাস, আঞ্চলিক ইতিহাস, local history, urban history.",15,"[{""source_record"": 2563, ""title"": ""ঢাকার ইতিহাস"", ""author"": ""শ্রীকেদারনাথ মজুমদার"", ""evidence_field"": ""Book Name""}, {""source_record"": 2272, ""title"": ""চট্টগ্রামের ইতিহাস"", ""author"": ""কমল চৌধুরী"", ""evidence_field"": ""Book Name""}]"
ancient_civilizations,subject,history,প্রাচীন ইতিহাস ও সভ্যতা,Ancient history and civilizations,"Ancient societies and civilizations, including Egypt, Greece, Rome and the Indus region.","[""প্রাচীন সভ্যতা"", ""মিশরীয় সভ্যতা"", ""সিন্ধু সভ্যতা"", ""ancient civilizations"", ""ancient history""]",প্রাচীন মিশর ও সিন্ধু সভ্যতা সম্পর্কে বই,Books about ancient Egypt and the Indus civilization,"প্রাচীন ইতিহাস ও সভ্যতা. Ancient history and civilizations. Ancient societies and civilizations, including Egypt, Greece, Rome and the Indus region. Keywords: প্রাচীন সভ্যতা, মিশরীয় সভ্যতা, সিন্ধু সভ্যতা, ancient civilizations, ancient history.",99,"[{""source_record"": 2729, ""title"": ""রোমান সাম্রাজ্য"", ""author"": ""সাহাদত হোসেন খান"", ""evidence_field"": ""Book Name""}, {""source_record"": 2896, ""title"": ""মিশরীয় সভ্যতা"", ""author"": ""ড. এ কে এম শাহনাওয়াজ"", ""evidence_field"": ""Book Name""}]"
archaeology_architecture,subject,history,প্রত্নতত্ত্ব ও স্থাপত্য ঐতিহ্য,Archaeology and architectural heritage,"Archaeological sites, material remains, historical buildings, temples and mosques.","[""প্রত্নতত্ত্ব"", ""প্রত্নস্থাপত্য"", ""পুরাকীর্তি"", ""স্থাপত্য"", ""archaeology"", ""architectural heritage""]",বাংলার প্রাচীন মন্দির ও মসজিদের স্থাপত্য নিয়ে বই,Books about the architecture of Bengal's old temples and mosques,"প্রত্নতত্ত্ব ও স্থাপত্য ঐতিহ্য. Archaeology and architectural heritage. Archaeological sites, material remains, historical buildings, temples and mosques. Keywords: প্রত্নতত্ত্ব, প্রত্নস্থাপত্য, পুরাকীর্তি, স্থাপত্য, archaeology, architectural heritage.",11,"[{""source_record"": 2952, ""title"": ""বাংলাদেশের প্রত্ন স্থাপত্য"", ""author"": ""নওশের আলী হিরা"", ""evidence_field"": ""Book Name""}, {""source_record"": 2777, ""title"": ""বাংলাদেশের প্রত্নতাত্ত্বিক নিদর্শন"", ""author"": ""ড. মাযহারুল ইসলাম তরু"", ""evidence_field"": ""Book Name""}]"
medieval_empires,subject,history,"মধ্যযুগ, সুলতানি ও মুঘল ইতিহাস",Medieval kingdoms and empires,"Medieval dynasties, sultanates, Mughal rule and other historical empires.","[""মধ্যযুগ"", ""সুলতানি আমল"", ""মুঘল"", ""খিলাফত"", ""medieval history"", ""Mughal empire"", ""sultanate""]",বাংলায় সুলতানি ও মুঘল শাসন নিয়ে বই,Books about the sultanates and Mughal rule in Bengal,"মধ্যযুগ, সুলতানি ও মুঘল ইতিহাস. Medieval kingdoms and empires. Medieval dynasties, sultanates, Mughal rule and other historical empires. Keywords: মধ্যযুগ, সুলতানি আমল, মুঘল, খিলাফত, medieval history, Mughal empire, sultanate.",65,"[{""source_record"": 2666, ""title"": ""মুঘল ভারতের ইতিহাস"", ""author"": ""ড. মোহাম্মদ ছিদ্দিকুর রহমান খান"", ""evidence_field"": ""Book Name""}, {""source_record"": 2526, ""title"": ""মধ্যযুগের বাংলা : সমাজ ও সংস্কৃতি"", ""author"": ""ড. এমরান জাহান"", ""evidence_field"": ""Book Name""}]"
colonial_history,subject,history,ঔপনিবেশিক শাসন ও প্রতিরোধ,Colonial rule and anticolonial resistance,"British rule, the East India Company, colonial institutions and resistance movements.","[""ব্রিটিশ শাসন"", ""ঔপনিবেশিকতা"", ""ইস্ট ইন্ডিয়া কোম্পানি"", ""নীলবিদ্রোহ"", ""British Raj"", ""anticolonial resistance""]",ব্রিটিশ আমলে বাংলার কৃষক বিদ্রোহ নিয়ে বই,Books about peasant resistance in colonial Bengal,"ঔপনিবেশিক শাসন ও প্রতিরোধ. Colonial rule and anticolonial resistance. British rule, the East India Company, colonial institutions and resistance movements. Keywords: ব্রিটিশ শাসন, ঔপনিবেশিকতা, ইস্ট ইন্ডিয়া কোম্পানি, নীলবিদ্রোহ, British Raj, anticolonial resistance.",21,"[{""source_record"": 4490, ""title"": ""ইস্ট ইন্ডিয়া কোম্পানির অর্থনৈতিক ইতিহাস : ভারত উপমহাদেশ"", ""author"": ""তীর্থংকর রায়"", ""evidence_field"": ""Book Name""}, {""source_record"": 4056, ""title"": ""নীলবিদ্রোহের অজানা ইতিহাস"", ""author"": ""মহসিন হোসাইন"", ""evidence_field"": ""Book Name""}]"
bengal_partition,subject,history,বঙ্গভঙ্গ ও স্বদেশী আন্দোলন,Partition of Bengal and the Swadeshi movement,"The 1905 partition of Bengal, its political context and related resistance.","[""বঙ্গভঙ্গ"", ""১৯০৫"", ""স্বদেশী আন্দোলন"", ""partition of Bengal"", ""Swadeshi movement""]",১৯০৫ সালের বঙ্গভঙ্গ ও স্বদেশী আন্দোলন নিয়ে বই,Books about the 1905 partition of Bengal and the Swadeshi movement,"বঙ্গভঙ্গ ও স্বদেশী আন্দোলন. Partition of Bengal and the Swadeshi movement. The 1905 partition of Bengal, its political context and related resistance. Keywords: বঙ্গভঙ্গ, ১৯০৫, স্বদেশী আন্দোলন, partition of Bengal, Swadeshi movement.",6,"[{""source_record"": 4013, ""title"": ""বঙ্গভঙ্গ ও তৎকাল"", ""author"": ""গোলাম মুস্তাফা"", ""evidence_field"": ""Book Name""}, {""source_record"": 2752, ""title"": ""বঙ্গভঙ্গ ও বাঙালির ঐক্য?"", ""author"": ""ড. মোঃ মকসুদুর রহমান"", ""evidence_field"": ""Book Name""}]"
india_partition,subject,history,দেশভাগ ও সাম্প্রদায়িকতা,Partition of India and communalism,"The 1947 partition, communal conflict, divided communities and its human consequences.","[""দেশভাগ"", ""সাতচল্লিশ"", ""সাম্প্রদায়িকতা"", ""দাঙ্গা"", ""partition of India"", ""communal violence""]",দেশভাগে সাধারণ মানুষের জীবন কীভাবে বদলে গেল,Books about how Partition changed ordinary people's lives,"দেশভাগ ও সাম্প্রদায়িকতা. Partition of India and communalism. The 1947 partition, communal conflict, divided communities and its human consequences. Keywords: দেশভাগ, সাতচল্লিশ, সাম্প্রদায়িকতা, দাঙ্গা, partition of India, communal violence.",16,"[{""source_record"": 2393, ""title"": ""সাতচল্লিশের দেশভাগে গান্ধী ও জিন্নাহ"", ""author"": ""সিরাজুল ইসলাম চৌধুরী"", ""evidence_field"": ""Book Name""}, {""source_record"": 2330, ""title"": ""জিন্না: ভারত দেশভাগ স্বাধীনতা"", ""author"": ""যশোবন্ত সিংহ"", ""evidence_field"": ""Book Name""}]"
world_history,subject,history,বিশ্ব ইতিহাস ও বিশ্বযুদ্ধ,World history and world wars,"Histories of other countries, global conflicts and major international historical developments.","[""বিশ্ব ইতিহাস"", ""বিশ্বযুদ্ধ"", ""বিশ্বসভ্যতা"", ""world history"", ""world wars""]",দ্বিতীয় বিশ্বযুদ্ধ ও ইউরোপের ইতিহাস নিয়ে বই,Books about World War II and European history,"বিশ্ব ইতিহাস ও বিশ্বযুদ্ধ. World history and world wars. Histories of other countries, global conflicts and major international historical developments. Keywords: বিশ্ব ইতিহাস, বিশ্বযুদ্ধ, বিশ্বসভ্যতা, world history, world wars.",12,"[{""source_record"": 2329, ""title"": ""বিশ্ব ইতিহাস প্রসঙ্গ"", ""author"": ""জওহরলাল নেহেরু"", ""evidence_field"": ""Book Name""}, {""source_record"": 2466, ""title"": ""দ্বিতীয় বিশ্বযুদ্ধের আড়ালে"", ""author"": ""শাহরীয়ার শরীফ"", ""evidence_field"": ""Book Name""}]"
language_movement,subject,politics,ভাষা আন্দোলন,Bengali Language Movement,"The struggle for Bengali language rights, 1952 and regional language movements.","[""ভাষা আন্দোলন"", ""রাষ্ট্রভাষা"", ""বায়ান্ন"", ""একুশে ফেব্রুয়ারি"", ""language movement"", ""language rights""]",বিভিন্ন জেলায় ভাষা আন্দোলনের ইতিহাস নিয়ে বই,Books about the Language Movement in different districts,"ভাষা আন্দোলন. Bengali Language Movement. The struggle for Bengali language rights, 1952 and regional language movements. Keywords: ভাষা আন্দোলন, রাষ্ট্রভাষা, বায়ান্ন, একুশে ফেব্রুয়ারি, language movement, language rights.",118,"[{""source_record"": 3656, ""title"": ""ভাষা আন্দোলনের কথা"", ""author"": ""ড. গুলশান আরা"", ""evidence_field"": ""Book Name""}, {""source_record"": 4887, ""title"": ""ভাষা আন্দোলনের বীর"", ""author"": ""অপরেশ বন্দ্যোপাধ্যায়"", ""evidence_field"": ""Book Name""}]"
pakistan_politics,subject,politics,পাকিস্তান আমলের রাজনীতি,Politics in the Pakistan period,"East Pakistan politics, the Six Points, autonomy movements and political conflict before independence.","[""পূর্ব পাকিস্তান"", ""ছয় দফা"", ""আগরতলা মামলা"", ""আইয়ুব"", ""East Pakistan politics"", ""six point movement""]",ছয় দফা আন্দোলন ও পূর্ব পাকিস্তানের রাজনীতি নিয়ে বই,Books about the Six Points and politics in East Pakistan,"পাকিস্তান আমলের রাজনীতি. Politics in the Pakistan period. East Pakistan politics, the Six Points, autonomy movements and political conflict before independence. Keywords: পূর্ব পাকিস্তান, ছয় দফা, আগরতলা মামলা, আইয়ুব, East Pakistan politics, six point movement.",17,"[{""source_record"": 2615, ""title"": ""পূর্ব পাকিস্তানের জন্ম থেকে মৃত্যু"", ""author"": ""জিবলু রহমান"", ""evidence_field"": ""Book Name""}, {""source_record"": 2754, ""title"": ""বাঙলাদেশের অভ্যুদয় : পূর্ব পাকিস্তানের ইতিহাস (১৯৪৭-১৯৫৮)"", ""author"": ""বদরুদ্দীন উমর"", ""evidence_field"": ""Book Name""}]"
bangladesh_politics,subject,politics,স্বাধীন বাংলাদেশের রাজনীতি,Politics of independent Bangladesh,"Political parties, leadership, changes of government and political crises after independence.","[""বাংলাদেশের রাজনীতি"", ""আওয়ামী লীগ"", ""বিএনপি"", ""পঁচাত্তর"", ""Bangladesh politics"", ""post-independence politics""]",স্বাধীনতার পর বাংলাদেশের রাজনৈতিক পরিবর্তন নিয়ে বই,Books about political change in Bangladesh after independence,"স্বাধীন বাংলাদেশের রাজনীতি. Politics of independent Bangladesh. Political parties, leadership, changes of government and political crises after independence. Keywords: বাংলাদেশের রাজনীতি, আওয়ামী লীগ, বিএনপি, পঁচাত্তর, Bangladesh politics, post-independence politics.",43,"[{""source_record"": 5444, ""title"": ""বাংলাদেশের রাজনীতিতে জাসদ"", ""author"": ""জিয়াউল হক মুক্তা"", ""evidence_field"": ""Book Name""}, {""source_record"": 5112, ""title"": ""বাংলাদেশের রাজনীতিতে শাহবাগ বনাম শাপলা"", ""author"": ""মাওলানা আব্দুল্লাহ বিন সাঈদ জালালাবাদী আল আযহারী"", ""evidence_field"": ""Book Name""}]"
democratic_movements,subject,politics,ছাত্র আন্দোলন ও গণঅভ্যুত্থান,Student movements and mass uprisings,"Student politics, popular protest, resistance to authoritarian rule and mass uprisings.","[""ছাত্র আন্দোলন"", ""গণঅভ্যুত্থান"", ""ঊনসত্তর"", ""স্বৈরাচারবিরোধী"", ""student movements"", ""mass uprisings""]",ছাত্র আন্দোলন ও স্বৈরাচারবিরোধী সংগ্রাম নিয়ে বই,Books about student movements and resistance to authoritarian rule,"ছাত্র আন্দোলন ও গণঅভ্যুত্থান. Student movements and mass uprisings. Student politics, popular protest, resistance to authoritarian rule and mass uprisings. Keywords: ছাত্র আন্দোলন, গণঅভ্যুত্থান, ঊনসত্তর, স্বৈরাচারবিরোধী, student movements, mass uprisings.",26,"[{""source_record"": 3409, ""title"": ""বাংলাদেশের ছাত্র আন্দোলনের ইতিহাস"", ""author"": ""আমজাদ হোসেন"", ""evidence_field"": ""Book Name""}, {""source_record"": 4399, ""title"": ""বাংলাদেশের ছাত্র আন্দোলনের ইতিহাস (১ম খন্ড)"", ""author"": ""ড. মোহাম্মদ হাননান"", ""evidence_field"": ""Book Name""}]"
july_uprising,subject,politics,জুলাই-আগস্ট ২০২৪ আন্দোলন,July-August 2024 movement,"Catalogue accounts of the July-August 2024 protests, uprising and participants' experiences.","[""জুলাই অভ্যুত্থান"", ""জুলাই বিপ্লব"", ""জুলাই আগস্ট"", ""কোটা আন্দোলন"", ""July uprising"", ""July August 2024""]",জুলাই-আগস্ট ২০২৪ আন্দোলনের প্রত্যক্ষ অভিজ্ঞতা নিয়ে বই,Books with firsthand accounts of the July-August 2024 movement,"জুলাই-আগস্ট ২০২৪ আন্দোলন. July-August 2024 movement. Catalogue accounts of the July-August 2024 protests, uprising and participants' experiences. Keywords: জুলাই অভ্যুত্থান, জুলাই বিপ্লব, জুলাই আগস্ট, কোটা আন্দোলন, July uprising, July August 2024.",45,"[{""source_record"": 2479, ""title"": ""কোটা আন্দোলন থেকে গণঅভ্যুত্থান"", ""author"": ""নজরুল ইসলাম"", ""evidence_field"": ""Book Name""}, {""source_record"": 5154, ""title"": ""৩৬ জুলাই"", ""author"": ""অনামিকা চৌধুরী"", ""evidence_field"": ""Book Name""}]"
governance_democracy,subject,politics,"গণতন্ত্র, সংবিধান ও শাসনব্যবস্থা","Democracy, constitutions and governance","Democratic institutions, elections, constitutional debates, public administration and state organisation.","[""গণতন্ত্র"", ""সংবিধান"", ""নির্বাচন"", ""প্রশাসন"", ""democracy"", ""constitution"", ""governance""]",বাংলাদেশের সংবিধান ও নির্বাচনি ব্যবস্থা নিয়ে বই,Books about Bangladesh's constitution and electoral system,"গণতন্ত্র, সংবিধান ও শাসনব্যবস্থা. Democracy, constitutions and governance. Democratic institutions, elections, constitutional debates, public administration and state organisation. Keywords: গণতন্ত্র, সংবিধান, নির্বাচন, প্রশাসন, democracy, constitution, governance.",59,"[{""source_record"": 4723, ""title"": ""গণতন্ত্রের ১৫ বছর"", ""author"": ""মতিউর রহমান"", ""evidence_field"": ""Book Name""}, {""source_record"": 5307, ""title"": ""গণতন্ত্রের অভিমুখে"", ""author"": ""সিরাজুল ইসলাম চৌধুরী"", ""evidence_field"": ""Book Name""}]"
international_relations,subject,politics,কূটনীতি ও আন্তর্জাতিক সম্পর্ক,Diplomacy and international relations,"Foreign policy, diplomatic practice and relations among states.","[""কূটনীতি"", ""পররাষ্ট্রনীতি"", ""আন্তর্জাতিক সম্পর্ক"", ""diplomacy"", ""foreign policy"", ""international relations""]",বাংলাদেশের পররাষ্ট্রনীতি ও কূটনীতি নিয়ে বই,Books about Bangladesh's foreign policy and diplomacy,"কূটনীতি ও আন্তর্জাতিক সম্পর্ক. Diplomacy and international relations. Foreign policy, diplomatic practice and relations among states. Keywords: কূটনীতি, পররাষ্ট্রনীতি, আন্তর্জাতিক সম্পর্ক, diplomacy, foreign policy, international relations.",7,"[{""source_record"": 5907, ""title"": ""The A to Z Of আন্তর্জাতিক সম্পর্ক"", ""author"": ""Noore Alam Siddiqui"", ""evidence_field"": ""Book Name""}, {""source_record"": 3063, ""title"": ""আন্তর্জাতিক সম্পর্ক ও আধুনিক ইতিহাস অভিধান"", ""author"": ""ড. গোলাম কিবরিয়া ভুঁইয়া"", ""evidence_field"": ""Book Name""}]"
political_ideologies,subject,politics,রাজনৈতিক মতবাদ ও বিপ্লব,Political ideologies and revolutions,"Marxism, socialism, capitalism, nationalism and revolutionary thought and movements.","[""মার্কসবাদ"", ""সমাজতন্ত্র"", ""পুঁজিবাদ"", ""বিপ্লব"", ""Marxism"", ""socialism"", ""capitalism"", ""revolution""]",পুঁজিবাদ ও সমাজতন্ত্রের তুলনা নিয়ে বই,Books comparing capitalism and socialism,"রাজনৈতিক মতবাদ ও বিপ্লব. Political ideologies and revolutions. Marxism, socialism, capitalism, nationalism and revolutionary thought and movements. Keywords: মার্কসবাদ, সমাজতন্ত্র, পুঁজিবাদ, বিপ্লব, Marxism, socialism, capitalism, revolution.",75,"[{""source_record"": 5430, ""title"": ""সমাজতন্ত্রের অনিবার্য ভবিষ্যৎ"", ""author"": ""বদরুদ্দীন উমর"", ""evidence_field"": ""Book Name""}, {""source_record"": 4782, ""title"": ""সোভিয়েত সমাজতন্ত্রের সত্তর বছর"", ""author"": ""হায়দার আকবর খান রনো"", ""evidence_field"": ""Book Name""}]"
social_anthropology,subject,society,সমাজবিজ্ঞান ও নৃবিজ্ঞান,Sociology and anthropology,"Social structures, communities, cultural practices and anthropological studies.","[""সমাজবিজ্ঞান"", ""নৃবিজ্ঞান"", ""সমাজ নৃবিজ্ঞান"", ""sociology"", ""anthropology""]",দক্ষিণ এশিয়ার সমাজ ও সংস্কৃতি নিয়ে নৃবিজ্ঞানের বই,Anthropological books about South Asian society and culture,"সমাজবিজ্ঞান ও নৃবিজ্ঞান. Sociology and anthropology. Social structures, communities, cultural practices and anthropological studies. Keywords: সমাজবিজ্ঞান, নৃবিজ্ঞান, সমাজ নৃবিজ্ঞান, sociology, anthropology.",3,"[{""source_record"": 3195, ""title"": ""ফরাসি সমাজবিজ্ঞান"", ""author"": ""সাদাত উল্লাহ খান"", ""evidence_field"": ""Book Name""}, {""source_record"": 7381, ""title"": ""দৃশ্য-সংস্কৃতির পাঠ নৃবিজ্ঞান শাস্ত্র ও দক্ষিণ এশীয় বিদ্যাগজত"", ""author"": ""মানস চৌধুরী,সঞ্জীব রায়"", ""evidence_field"": ""Book Name""}]"
folk_culture,subject,society,লোকসংস্কৃতি ও সাংস্কৃতিক ঐতিহ্য,Folklore and cultural heritage,"Folk traditions, local customs, crafts, cultural identity and intangible heritage.","[""লোকসংস্কৃতি"", ""ফোকলোর"", ""লোকজ"", ""হস্তশিল্প"", ""folklore"", ""folk culture"", ""cultural heritage""]",বাংলাদেশের লোকসংস্কৃতি ও লোকজ ঐতিহ্য নিয়ে বই,Books about Bangladeshi folklore and folk traditions,"লোকসংস্কৃতি ও সাংস্কৃতিক ঐতিহ্য. Folklore and cultural heritage. Folk traditions, local customs, crafts, cultural identity and intangible heritage. Keywords: লোকসংস্কৃতি, ফোকলোর, লোকজ, হস্তশিল্প, folklore, folk culture, cultural heritage.",27,"[{""source_record"": 4846, ""title"": ""লোকসংস্কৃতির কথকতা"", ""author"": ""চন্দন চৌধুরী"", ""evidence_field"": ""Book Name""}, {""source_record"": 7349, ""title"": ""লোকসংস্কৃতির কতিপয় পাঠ"", ""author"": ""তপন বাগচী"", ""evidence_field"": ""Book Name""}]"
women_gender,subject,society,"নারী, অধিকার ও সমাজ","Women, rights and society","Women's lives, social roles, education, rights and gender-related struggles.","[""নারী অধিকার"", ""নারীমুক্তি"", ""নারীবাদ"", ""নারী শিক্ষা"", ""women's rights"", ""gender"", ""feminism""]",নারী শিক্ষা ও সমাজে নারীর অবস্থান নিয়ে বই,Books about women's education and social position,"নারী, অধিকার ও সমাজ. Women, rights and society. Women's lives, social roles, education, rights and gender-related struggles. Keywords: নারী অধিকার, নারীমুক্তি, নারীবাদ, নারী শিক্ষা, women's rights, gender, feminism.",85,"[{""source_record"": 5588, ""title"": ""নারীমুক্তির রাজনৈতিক সংগ্রাম"", ""author"": ""জলি তালুকদার"", ""evidence_field"": ""Book Name""}, {""source_record"": 9068, ""title"": ""রোকেয়া"", ""author"": ""ড. বেগম জাহান আরা"", ""evidence_field"": ""Book Name""}]"
ethnic_indigenous,subject,society,আদিবাসী ও জাতিগত জনগোষ্ঠী,Indigenous and ethnic communities,"Indigenous communities, ethnic identities, minority experiences and the Chittagong Hill Tracts.","[""আদিবাসী"", ""ক্ষুদ্র নৃগোষ্ঠী"", ""পার্বত্য চট্টগ্রাম"", ""indigenous peoples"", ""ethnic communities""]",পার্বত্য চট্টগ্রামের আদিবাসীদের ইতিহাস ও জীবন নিয়ে বই,Books about the history and lives of indigenous communities in the Hill Tracts,"আদিবাসী ও জাতিগত জনগোষ্ঠী. Indigenous and ethnic communities. Indigenous communities, ethnic identities, minority experiences and the Chittagong Hill Tracts. Keywords: আদিবাসী, ক্ষুদ্র নৃগোষ্ঠী, পার্বত্য চট্টগ্রাম, indigenous peoples, ethnic communities.",42,"[{""source_record"": 4491, ""title"": ""পার্বত্য চট্টগ্রামের ইতিহাস"", ""author"": ""জামাল উদ্দিন"", ""evidence_field"": ""Book Name""}, {""source_record"": 5878, ""title"": ""পার্বত্য চট্টগ্রামের জুম্ম জনগণের আত্মনিয়ন্ত্রণাধিকার আন্দোলন প্রসঙ্গে প্রথম খণ্ড"", ""author"": ""মঙ্গল কুমার চাকমা"", ""evidence_field"": ""Book Name""}]"
journalism,subject,society,সাংবাদিকতা ও গণমাধ্যম,Journalism and media,"Newspapers, reporting, media history and journalists' professional experiences.","[""সাংবাদিকতা"", ""সংবাদপত্র"", ""গণমাধ্যম"", ""পত্রিকা"", ""journalism"", ""newspapers"", ""media history""]",বাংলা সংবাদপত্র ও সাংবাদিকতার ইতিহাস নিয়ে বই,Books about the history of Bengali newspapers and journalism,"সাংবাদিকতা ও গণমাধ্যম. Journalism and media. Newspapers, reporting, media history and journalists' professional experiences. Keywords: সাংবাদিকতা, সংবাদপত্র, গণমাধ্যম, পত্রিকা, journalism, newspapers, media history.",26,"[{""source_record"": 9227, ""title"": ""সাংবাদিকতায় চার দশক"", ""author"": ""মাহবুব আলম"", ""evidence_field"": ""Book Name""}, {""source_record"": 4119, ""title"": ""বাংলার সংবাদপত্রের ইতিহাস (১৭৮০-১৯৪৭)"", ""author"": ""ড. মো. আনোয়ারুল ইসলাম"", ""evidence_field"": ""Book Name""}]"
islamic_history,subject,religion,ইসলামি ইতিহাস ও মুসলিম সভ্যতা,Islamic history and Muslim civilization,"Muslim societies, Islamic dynasties, cultural achievements and historical developments.","[""ইসলামি ইতিহাস"", ""মুসলিম সভ্যতা"", ""ইসলামের ইতিহাস"", ""Islamic history"", ""Muslim civilization""]",মুসলিম সভ্যতা ও ইসলামি ইতিহাস নিয়ে বই,Books about Muslim civilization and Islamic history,"ইসলামি ইতিহাস ও মুসলিম সভ্যতা. Islamic history and Muslim civilization. Muslim societies, Islamic dynasties, cultural achievements and historical developments. Keywords: ইসলামি ইতিহাস, মুসলিম সভ্যতা, ইসলামের ইতিহাস, Islamic history, Muslim civilization.",15,"[{""source_record"": 8602, ""title"": ""ইসলামের ইতিহাসের মহাবীর খালিদ বিন ওয়ালিদ (রা)"", ""author"": ""মোঃ সাইফুল আনোয়ার"", ""evidence_field"": ""Book Name""}, {""source_record"": 2408, ""title"": ""ইসলামের ইতিহাসে যুদ্ধ"", ""author"": ""সাদিক ফারহান"", ""evidence_field"": ""Book Name""}]"
prophet_biography,subject,religion,নবীজীবন ও সিরাত,Prophets' lives and Sirah,"Lives of prophets, particularly the life, character and mission of Prophet Muhammad.","[""সিরাত"", ""সীরাত"", ""নবীজীবন"", ""মহানবী"", ""Sirah"", ""Seerah"", ""life of Prophet Muhammad""]",নবী মুহাম্মদের জীবন ও চরিত্র নিয়ে বই,Books about the life and character of Prophet Muhammad,"নবীজীবন ও সিরাত. Prophets' lives and Sirah. Lives of prophets, particularly the life, character and mission of Prophet Muhammad. Keywords: সিরাত, সীরাত, নবীজীবন, মহানবী, Sirah, Seerah, life of Prophet Muhammad.",49,"[{""source_record"": 7561, ""title"": ""নবি জীবনের গল্প"", ""author"": ""আরিফ আজাদ"", ""evidence_field"": ""Book Name""}, {""source_record"": 2801, ""title"": ""সিরাতুন নবী"", ""author"": ""মাওলানা ইসমাইল রেহান"", ""evidence_field"": ""Book Name""}]"
companions_scholars,subject,religion,সাহাবি ও ইসলামি ব্যক্তিত্ব,Companions and Islamic figures,"Lives and contributions of the Companions, caliphs, scholars and notable Islamic figures.","[""সাহাবি"", ""সাহাবা"", ""খলিফা"", ""ইমাম"", ""Companions"", ""Sahaba"", ""Islamic scholars""]",সাহাবিদের জীবন ও জ্ঞানচর্চা নিয়ে বই,Books about the lives and scholarship of the Companions,"সাহাবি ও ইসলামি ব্যক্তিত্ব. Companions and Islamic figures. Lives and contributions of the Companions, caliphs, scholars and notable Islamic figures. Keywords: সাহাবি, সাহাবা, খলিফা, ইমাম, Companions, Sahaba, Islamic scholars.",44,"[{""source_record"": 7928, ""title"": ""সাহাবিদের কারামত"", ""author"": ""নাজিবুল্লাহ সিদ্দিকী"", ""evidence_field"": ""Book Name""}, {""source_record"": 7776, ""title"": ""সাহাবিদের বহুবিবাহ"", ""author"": ""আরিফুল ইসলাম,আব্দুল্লাহ ইয়াছিন শরীফী"", ""evidence_field"": ""Book Name""}]"
islamic_teachings,subject,religion,"কুরআন, হাদিস ও ইসলামি জীবন","Quran, Hadith and Islamic life","Islamic scripture, Hadith, ethics, faith and religious practice.","[""কুরআন"", ""কোরআন"", ""হাদিস"", ""সুন্নাহ"", ""ফিকহ"", ""Quran"", ""Hadith"", ""Islamic ethics""]",কুরআন ও হাদিসের আলোকে জীবন ও নৈতিকতা নিয়ে বই,Books about life and ethics in the Quran and Hadith,"কুরআন, হাদিস ও ইসলামি জীবন. Quran, Hadith and Islamic life. Islamic scripture, Hadith, ethics, faith and religious practice. Keywords: কুরআন, কোরআন, হাদিস, সুন্নাহ, ফিকহ, Quran, Hadith, Islamic ethics.",11,"[{""source_record"": 7715, ""title"": ""কুরআনের সৌন্দর্যে অভিভূত"", ""author"": ""নোমান আলী খান"", ""evidence_field"": ""Book Name""}, {""source_record"": 2723, ""title"": ""আল কুরআনের ভৌগোলিক ইতিহাস"", ""author"": ""সাইয়্যেদ সুলাইমান নদভি (রহ.)"", ""evidence_field"": ""Book Name""}]"
comparative_religion,subject,religion,ধর্মের ইতিহাস ও তুলনামূলক ধর্ম,Religious history and comparative religion,"Histories, beliefs and traditions across religions, including Hinduism and Buddhism.","[""ধর্মের ইতিহাস"", ""হিন্দুধর্ম"", ""বৌদ্ধধর্ম"", ""তুলনামূলক ধর্ম"", ""religious history"", ""comparative religion""]",হিন্দু ও বৌদ্ধ ধর্মের ইতিহাস সম্পর্কে বই,Books about the histories of Hinduism and Buddhism,"ধর্মের ইতিহাস ও তুলনামূলক ধর্ম. Religious history and comparative religion. Histories, beliefs and traditions across religions, including Hinduism and Buddhism. Keywords: ধর্মের ইতিহাস, হিন্দুধর্ম, বৌদ্ধধর্ম, তুলনামূলক ধর্ম, religious history, comparative religion.",1,"[{""source_record"": 2304, ""title"": ""হিন্দুধর্ম"", ""author"": ""ক্ষিতিমোহন সেন"", ""evidence_field"": ""Book Name""}]"
sufism,subject,religion,সুফিবাদ ও মরমি ঐতিহ্য,Sufism and mystical traditions,"Sufi thought, saints, shrines and mystical traditions in Bengal and elsewhere.","[""সুফিবাদ"", ""সুফি"", ""পির"", ""দরবেশ"", ""মরমি"", ""Sufism"", ""mystical traditions""]",বাংলার সুফি সাধক ও মরমি ঐতিহ্য নিয়ে বই,Books about Sufi saints and mystical traditions in Bengal,"সুফিবাদ ও মরমি ঐতিহ্য. Sufism and mystical traditions. Sufi thought, saints, shrines and mystical traditions in Bengal and elsewhere. Keywords: সুফিবাদ, সুফি, পির, দরবেশ, মরমি, Sufism, mystical traditions.",5,"[{""source_record"": 7393, ""title"": ""মাজার সংস্কৃতির বহুমাত্রিক প্রভাব"", ""author"": ""ড. মো. আশ্রাফুল করিম"", ""evidence_field"": ""Book Name""}, {""source_record"": 2945, ""title"": ""বাংলার সুফিয়ানা ও সহজিয়ানা"", ""author"": ""রায়হান রাইন"", ""evidence_field"": ""Book Name""}]"
language_literature,subject,literature,"ভাষা, সাহিত্য ইতিহাস ও সমালোচনা","Language, literary history and criticism","Languages, scripts, literary development, interpretation and criticism of literary works.","[""ভাষা"", ""সাহিত্য সমালোচনা"", ""সাহিত্য ইতিহাস"", ""লিপি"", ""literary criticism"", ""literary history"", ""language studies""]",বাংলা সাহিত্যের ইতিহাস ও সাহিত্য সমালোচনা নিয়ে বই,Books about Bengali literary history and criticism,"ভাষা, সাহিত্য ইতিহাস ও সমালোচনা. Language, literary history and criticism. Languages, scripts, literary development, interpretation and criticism of literary works. Keywords: ভাষা, সাহিত্য সমালোচনা, সাহিত্য ইতিহাস, লিপি, literary criticism, literary history, language studies.",70,"[{""source_record"": 2495, ""title"": ""বাংলা সাহিত্যের ইতিহাস"", ""author"": ""মোতাহার হোসেন সুফী"", ""evidence_field"": ""Book Name""}, {""source_record"": 3885, ""title"": ""মারাঠি সাহিত্যের ইতিহাস"", ""author"": ""বিপ্লব চক্রবর্তী"", ""evidence_field"": ""Book Name""}]"
author_studies,subject,literature,"রবীন্দ্রনাথ, নজরুল ও সাহিত্যিকদের জীবন-কর্ম",Writers' lives and works,"Studies of writers and poets, their biographies, ideas, literary works and correspondence.","[""রবীন্দ্রনাথ"", ""নজরুল"", ""সাহিত্যিক"", ""কবি"", ""Tagore"", ""Nazrul"", ""author studies""]",রবীন্দ্রনাথ ও নজরুলের জীবন ও সাহিত্যকর্ম নিয়ে বই,Books about Tagore's and Nazrul's lives and literary works,"রবীন্দ্রনাথ, নজরুল ও সাহিত্যিকদের জীবন-কর্ম. Writers' lives and works. Studies of writers and poets, their biographies, ideas, literary works and correspondence. Keywords: রবীন্দ্রনাথ, নজরুল, সাহিত্যিক, কবি, Tagore, Nazrul, author studies.",172,"[{""source_record"": 8409, ""title"": ""মানিক বন্দ্যোপাধ্যায়"", ""author"": ""অঞ্জন আচার্য"", ""evidence_field"": ""Book Name""}, {""source_record"": 9487, ""title"": ""অপ্রকাশিত মানিক বন্দ্যোপাধ্যায়"", ""author"": ""মানিক বন্দ্যোপাধ্যায়"", ""evidence_field"": ""Book Name""}]"
cinema,subject,arts,চলচ্চিত্র ও চলচ্চিত্র নির্মাণ,Cinema and filmmaking,"Film history, criticism, filmmaking, directors and cinema culture.","[""চলচ্চিত্র"", ""সিনেমা"", ""চলচ্চিত্র নির্মাণ"", ""ফিল্মমেকার"", ""cinema"", ""filmmaking"", ""film criticism""]",বাংলাদেশের চলচ্চিত্রের ইতিহাস ও নির্মাণশৈলী নিয়ে বই,Books about Bangladeshi cinema history and filmmaking,"চলচ্চিত্র ও চলচ্চিত্র নির্মাণ. Cinema and filmmaking. Film history, criticism, filmmaking, directors and cinema culture. Keywords: চলচ্চিত্র, সিনেমা, চলচ্চিত্র নির্মাণ, ফিল্মমেকার, cinema, filmmaking, film criticism.",66,"[{""source_record"": 8513, ""title"": ""ফিল্মমেকারের ভাষা (ইরানি)"", ""author"": ""বিজয় আহমেদ"", ""evidence_field"": ""Book Name""}, {""source_record"": 6787, ""title"": ""ফিল্মমেকারের ভাষা (লাতিন পর্ব)"", ""author"": ""বিজয় আহমেদ,রুদ্র আরিফ"", ""evidence_field"": ""Book Name""}]"
theatre,subject,arts,নাট্যকলা ও মঞ্চ,Theatre and performance,"Theatre history, dramatic art, staging and performance traditions; use a form tag separately for play texts.","[""নাট্যকলা"", ""মঞ্চ"", ""থিয়েটার"", ""নাট্য ইতিহাস"", ""theatre"", ""performing arts""]",নাট্যকলার ইতিহাস ও মঞ্চচর্চা নিয়ে বই,Books about theatre history and stage practice,"নাট্যকলা ও মঞ্চ. Theatre and performance. Theatre history, dramatic art, staging and performance traditions; use a form tag separately for play texts. Keywords: নাট্যকলা, মঞ্চ, থিয়েটার, নাট্য ইতিহাস, theatre, performing arts.",4,"[{""source_record"": 3959, ""title"": ""ইউরোপীয় নাটক ইতিহাস ও গল্পকথা"", ""author"": ""অমিতাভ চৌধুরী"", ""evidence_field"": ""Book Name""}, {""source_record"": 6880, ""title"": ""থিয়েটারে বর্ষ-৩"", ""author"": ""রামেন্দু মজুমদার"", ""evidence_field"": ""Book Name""}]"
music,subject,arts,"সংগীত, গান ও সংগীতশিল্পী","Music, songs and musicians","Music history, folk and classical music, notation, song collections and musicians' lives.","[""সংগীত"", ""সঙ্গীত"", ""গান"", ""লোকগান"", ""স্বরবিতান"", ""music"", ""folk songs"", ""musicians""]",বাংলার লোকগান ও সংগীতশিল্পীদের জীবন নিয়ে বই,Books about Bengali folk music and musicians' lives,"সংগীত, গান ও সংগীতশিল্পী. Music, songs and musicians. Music history, folk and classical music, notation, song collections and musicians' lives. Keywords: সংগীত, সঙ্গীত, গান, লোকগান, স্বরবিতান, music, folk songs, musicians.",71,"[{""source_record"": 6900, ""title"": ""স্বরবিতান (প্রথম খন্ড)"", ""author"": ""রবীন্দ্রনাথ ঠাকুর"", ""evidence_field"": ""Book Name""}, {""source_record"": 9248, ""title"": ""সঙ্গীতের গুণীজন"", ""author"": ""এ কে এম শহীদুর রহমান"", ""evidence_field"": ""Book Name""}]"
visual_arts,subject,arts,"চিত্রকলা, ভাস্কর্য ও আলোকচিত্র",Visual arts and photography,"Painting, sculpture, art history, visual culture and photography.","[""চিত্রকলা"", ""ভাস্কর্য"", ""আলোকচিত্র"", ""painting"", ""sculpture"", ""photography""]",বাংলাদেশের চিত্রকলা ও আলোকচিত্র নিয়ে বই,Books about Bangladeshi painting and photography,"চিত্রকলা, ভাস্কর্য ও আলোকচিত্র. Visual arts and photography. Painting, sculpture, art history, visual culture and photography. Keywords: চিত্রকলা, ভাস্কর্য, আলোকচিত্র, painting, sculpture, photography.",6,"[{""source_record"": 9405, ""title"": ""আলোকচিত্রালাপ : পাভেল রহমানের সঙ্গে"", ""author"": ""সাহাদাত পারভেজ"", ""evidence_field"": ""Book Name""}, {""source_record"": 9089, ""title"": ""ইউরোপীয় চিত্রকলায় ইম্প্রেশনিজম ও ভিনসেন্ট ভ্যানগখ"", ""author"": ""খালেদা এদিব চৌধুরী"", ""evidence_field"": ""Book Name""}]"
travel_writing,subject,travel,দেশ-বিদেশ ভ্রমণ,Travel and exploration,"Journeys, destinations, observations and travel experiences in Bangladesh and abroad.","[""ভ্রমণ"", ""ভ্রমণকাহিনি"", ""ভ্রমণকাহিনী"", ""পর্যটন"", ""travel"", ""travelogue"", ""exploration""]",দেশ-বিদেশের মানুষ ও সংস্কৃতি নিয়ে ভ্রমণকাহিনি,Travel books about people and cultures around the world,"দেশ-বিদেশ ভ্রমণ. Travel and exploration. Journeys, destinations, observations and travel experiences in Bangladesh and abroad. Keywords: ভ্রমণ, ভ্রমণকাহিনি, ভ্রমণকাহিনী, পর্যটন, travel, travelogue, exploration.",64,"[{""source_record"": 5937, ""title"": ""অন্যরকম ভ্রমণ"", ""author"": ""সমরেশ মজুমদার"", ""evidence_field"": ""Book Name""}, {""source_record"": 5957, ""title"": ""ভ্রমণসমগ্র"", ""author"": ""হুমায়ূন আহমেদ"", ""evidence_field"": ""Book Name""}]"
migration_diaspora,subject,travel,"প্রবাস, অভিবাসন ও প্রবাসজীবন","Migration, diaspora and life abroad","Migration, expatriate lives, settlement abroad and diaspora experiences.","[""প্রবাস"", ""প্রবাসী"", ""অভিবাসন"", ""প্রবাসজীবন"", ""diaspora"", ""migration"", ""expatriate life""]",প্রবাসে বাঙালিদের জীবন ও অভিজ্ঞতা নিয়ে বই,Books about Bengali diaspora experiences and life abroad,"প্রবাস, অভিবাসন ও প্রবাসজীবন. Migration, diaspora and life abroad. Migration, expatriate lives, settlement abroad and diaspora experiences. Keywords: প্রবাস, প্রবাসী, অভিবাসন, প্রবাসজীবন, diaspora, migration, expatriate life.",29,"[{""source_record"": 6511, ""title"": ""কানাডা অভিবাসনের আবেদন প্রত্যাশা ও বাস্তবতা"", ""author"": ""এম এল গনি"", ""evidence_field"": ""Book Name""}, {""source_record"": 49, ""title"": ""প্রবাসে মুক্তিযুদ্ধের দিনগুলি"", ""author"": ""আবু সাঈদ চৌধুরী"", ""evidence_field"": ""Book Name""}]"
pilgrimage,subject,travel,হজ ও তীর্থভ্রমণ,Hajj and pilgrimage travel,"Religious journeys, Hajj experiences and visits to pilgrimage destinations.","[""হজ"", ""হজ্জ"", ""তীর্থ"", ""তীর্থভ্রমণ"", ""Hajj"", ""pilgrimage""]",হজ ও ধর্মীয় তীর্থভ্রমণের অভিজ্ঞতা নিয়ে বই,Books about Hajj and religious pilgrimage experiences,"হজ ও তীর্থভ্রমণ. Hajj and pilgrimage travel. Religious journeys, Hajj experiences and visits to pilgrimage destinations. Keywords: হজ, হজ্জ, তীর্থ, তীর্থভ্রমণ, Hajj, pilgrimage.",6,"[{""source_record"": 6026, ""title"": ""হিন্দুতীর্থ কামরূপ কামাখ্যা"", ""author"": ""অরুণ মুখোপাধ্যায়"", ""evidence_field"": ""Book Name""}, {""source_record"": 6321, ""title"": ""ত্রিপুরা-তীর্থে"", ""author"": ""শঙ্কু মহারাজ"", ""evidence_field"": ""Book Name""}]"
economics_development,subject,business,অর্থনীতি ও উন্নয়ন,Economics and development,"Economic theory, political economy, poverty, public finance and economic development.","[""অর্থনীতি"", ""উন্নয়ন"", ""দারিদ্র্য"", ""রাজনৈতিক অর্থনীতি"", ""economics"", ""development"", ""poverty""]",বাংলাদেশের অর্থনীতি ও দারিদ্র্য নিয়ে বই,Books about Bangladesh's economy and poverty,"অর্থনীতি ও উন্নয়ন. Economics and development. Economic theory, political economy, poverty, public finance and economic development. Keywords: অর্থনীতি, উন্নয়ন, দারিদ্র্য, রাজনৈতিক অর্থনীতি, economics, development, poverty.",67,"[{""source_record"": 9666, ""title"": ""দারিদ্র্যের অর্থনীতি : অতীত, বর্তমান ও ভবিষ্যৎ"", ""author"": ""আকবর আলি খান"", ""evidence_field"": ""Book Name""}, {""source_record"": 5172, ""title"": ""বাংলাদেশের গ্রামীণ দারিদ্র্যের রাজনৈতিক অর্থনীতি"", ""author"": ""কামাল সিদ্দিকী"", ""evidence_field"": ""Book Name""}]"
islamic_finance,subject,business,ইসলামি অর্থনীতি ও ব্যবসায় নীতি,Islamic economics and business ethics,"Islamic economic principles, interest-free finance, Islamic banking and religious business ethics.","[""ইসলামি অর্থনীতি"", ""সুদমুক্ত"", ""ইসলামী ব্যাংকিং"", ""ইসলামি ব্যবসা"", ""Islamic finance"", ""Islamic economics""]",সুদমুক্ত অর্থায়ন ও ইসলামি ব্যবসায় নীতি নিয়ে বই,Books about interest-free finance and Islamic business ethics,"ইসলামি অর্থনীতি ও ব্যবসায় নীতি. Islamic economics and business ethics. Islamic economic principles, interest-free finance, Islamic banking and religious business ethics. Keywords: ইসলামি অর্থনীতি, সুদমুক্ত, ইসলামী ব্যাংকিং, ইসলামি ব্যবসা, Islamic finance, Islamic economics.",9,"[{""source_record"": 9762, ""title"": ""ইসলামী অর্থনীতি "", ""author"": "" পুঁজিবাদী অর্থনীতির বিকল্প প্রস্তাবনা"", ""evidence_field"": ""Book Name""}, {""source_record"": 9813, ""title"": ""ইসলামী ব্যাংকিং ও বীমা"", ""author"": ""ড. নুরুল আমিন"", ""evidence_field"": ""Book Name""}]"
banking_finance,subject,business,"ব্যাংকিং, বীমা ও আর্থিক ব্যবস্থা","Banking, insurance and financial systems","Banks, banking practice, insurance, financial institutions and trade finance.","[""ব্যাংকিং"", ""ব্যাংক"", ""বীমা"", ""আর্থিক ব্যবস্থা"", ""banking"", ""insurance"", ""financial systems""]",ব্যাংকিং ও আন্তর্জাতিক বাণিজ্য অর্থায়ন নিয়ে বই,Books about banking and international trade finance,"ব্যাংকিং, বীমা ও আর্থিক ব্যবস্থা. Banking, insurance and financial systems. Banks, banking practice, insurance, financial institutions and trade finance. Keywords: ব্যাংকিং, ব্যাংক, বীমা, আর্থিক ব্যবস্থা, banking, insurance, financial systems.",38,"[{""source_record"": 10029, ""title"": ""মানবিক ব্যাংকিং"", ""author"": ""আতিউর রহমান"", ""evidence_field"": ""Book Name""}, {""source_record"": 9768, ""title"": ""সমকালীন ব্যাংকিং"", ""author"": ""এম এ মাসুম"", ""evidence_field"": ""Book Name""}]"
personal_finance,subject,business,ব্যক্তিগত অর্থব্যবস্থা ও সঞ্চয়,Personal finance and money management,"Managing personal money, savings, budgeting and financial habits.","[""পারসোনাল ফাইন্যান্স"", ""টাকা"", ""সঞ্চয়"", ""অর্থব্যবস্থাপনা"", ""personal finance"", ""money management""]",নিজের টাকা ও সঞ্চয় ভালোভাবে পরিচালনা করার বই,Books about managing personal money and savings,"ব্যক্তিগত অর্থব্যবস্থা ও সঞ্চয়. Personal finance and money management. Managing personal money, savings, budgeting and financial habits. Keywords: পারসোনাল ফাইন্যান্স, টাকা, সঞ্চয়, অর্থব্যবস্থাপনা, personal finance, money management.",25,"[{""source_record"": 9630, ""title"": ""দি আর্ট অব পারসোনাল ফাইন্যান্স ম্যানেজমেন্ট"", ""author"": ""সাইফুল হোসেন"", ""evidence_field"": ""Book Name""}, {""source_record"": 9689, ""title"": ""ফাইন্যান্স বেসিকস"", ""author"": ""মোহাম্মদ আবদুল লতিফ"", ""evidence_field"": ""Book Name""}]"
investment,subject,business,বিনিয়োগ ও শেয়ারবাজার,Investment and stock markets,"Investment principles, shares, capital markets and market participation.","[""বিনিয়োগ"", ""শেয়ারবাজার"", ""শেয়ার"", ""পুঁজিবাজার"", ""investment"", ""stock market""]",শেয়ারবাজার ও বিনিয়োগের মৌলিক বিষয় নিয়ে বই,Books about the basics of investing and stock markets,"বিনিয়োগ ও শেয়ারবাজার. Investment and stock markets. Investment principles, shares, capital markets and market participation. Keywords: বিনিয়োগ, শেয়ারবাজার, শেয়ার, পুঁজিবাজার, investment, stock market.",13,"[{""source_record"": 9743, ""title"": ""পুঁজিবাজারের অর্থ বৎসরের ক্যালেন্ডার ও ইত্যাদি"", ""author"": ""মোহাম্মদ মহিউদ্দিন এফ. সি. এম. এ,সায়রা বানু (এসি এমএ)"", ""evidence_field"": ""Book Name""}, {""source_record"": 9844, ""title"": ""পুঁজি বিনিয়োগের কলাকৌশল"", ""author"": ""শরীফ নাফে আচ্ছাবের"", ""evidence_field"": ""Book Name""}]"
marketing_sales,subject,business,"মার্কেটিং, ব্র্যান্ডিং ও বিক্রয়","Marketing, branding and sales","Marketing strategy, brand building, selling, digital promotion and customer relationships.","[""মার্কেটিং"", ""ব্র্যান্ডিং"", ""বিক্রয়"", ""ডিজিটাল মার্কেটিং"", ""সেলস"", ""marketing"", ""branding"", ""sales""]",ডিজিটাল মার্কেটিং ও বিক্রয় বাড়ানোর কৌশল নিয়ে বই,Books about digital marketing and improving sales,"মার্কেটিং, ব্র্যান্ডিং ও বিক্রয়. Marketing, branding and sales. Marketing strategy, brand building, selling, digital promotion and customer relationships. Keywords: মার্কেটিং, ব্র্যান্ডিং, বিক্রয়, ডিজিটাল মার্কেটিং, সেলস, marketing, branding, sales.",94,"[{""source_record"": 9827, ""title"": ""ইমোশনাল ব্র্যান্ডিং"", ""author"": ""মোঃ মাছুম চৌধুরী"", ""evidence_field"": ""Book Name""}, {""source_record"": 9639, ""title"": ""পার্সোনাল ব্র্যান্ডিং"", ""author"": ""মো. তাজদীন হাসান,রাফিদ এলাহী চৌধুরী,মোঃ সোহান হায়দার"", ""evidence_field"": ""Book Name""}]"
entrepreneurship,subject,business,"উদ্যোক্তা, ব্যবসা ও ই-কমার্স","Entrepreneurship, business and e-commerce","Starting and operating businesses, entrepreneurial thinking, online commerce and startups.","[""উদ্যোক্তা"", ""ব্যবসা"", ""ই-কমার্স"", ""অনলাইন ব্যবসা"", ""entrepreneurship"", ""startup"", ""e-commerce""]",নতুন উদ্যোক্তাদের অনলাইন ব্যবসা শুরু করার বই,Books for new entrepreneurs starting an online business,"উদ্যোক্তা, ব্যবসা ও ই-কমার্স. Entrepreneurship, business and e-commerce. Starting and operating businesses, entrepreneurial thinking, online commerce and startups. Keywords: উদ্যোক্তা, ব্যবসা, ই-কমার্স, অনলাইন ব্যবসা, entrepreneurship, startup, e-commerce.",34,"[{""source_record"": 10088, ""title"": ""উদ্যোক্তাদের হিসাববিজ্ঞান"", ""author"": ""মঈন রেজা নাদিম"", ""evidence_field"": ""Book Name""}, {""source_record"": 9679, ""title"": ""উদ্যোক্তার অ আ, ক খ"", ""author"": ""মো: আমিনুল ইসলাম শাহিন"", ""evidence_field"": ""Book Name""}]"
management_leadership,subject,business,ব্যবস্থাপনা ও নেতৃত্ব,Management and leadership,"Managing organisations and teams, leadership, strategy and organisational practice.","[""ব্যবস্থাপনা"", ""ম্যানেজমেন্ট"", ""নেতৃত্ব"", ""লিডারশিপ"", ""management"", ""leadership""]",দল পরিচালনা ও নেতৃত্বের দক্ষতা বাড়ানোর বই,Books about team management and leadership skills,"ব্যবস্থাপনা ও নেতৃত্ব. Management and leadership. Managing organisations and teams, leadership, strategy and organisational practice. Keywords: ব্যবস্থাপনা, ম্যানেজমেন্ট, নেতৃত্ব, লিডারশিপ, management, leadership.",34,"[{""source_record"": 9684, ""title"": ""ম্যানেজমেন্ট"", ""author"": ""ব্রায়ান ট্রেসি"", ""evidence_field"": ""Book Name""}, {""source_record"": 9756, ""title"": ""প্রজেক্ট ম্যানেজমেন্টের খুঁটিনাটি"", ""author"": ""কবির আল মামুন"", ""evidence_field"": ""Book Name""}]"
career_productivity,subject,business,"ক্যারিয়ার, দক্ষতা ও ব্যক্তিগত উন্নতি","Career, skills and personal development","Professional growth, success habits, productivity, communication and customer service.","[""ক্যারিয়ার"", ""সাফল্য"", ""আত্মউন্নয়ন"", ""কাস্টমার সার্ভিস"", ""career"", ""productivity"", ""personal development""]",ক্যারিয়ার ও কাস্টমার সার্ভিসের দক্ষতা বাড়ানোর বই,Books about career growth and customer service skills,"ক্যারিয়ার, দক্ষতা ও ব্যক্তিগত উন্নতি. Career, skills and personal development. Professional growth, success habits, productivity, communication and customer service. Keywords: ক্যারিয়ার, সাফল্য, আত্মউন্নয়ন, কাস্টমার সার্ভিস, career, productivity, personal development.",16,"[{""source_record"": 10081, ""title"": ""কাস্টমার সার্ভিসের কলাকৌশল"", ""author"": ""কয়েস সামী"", ""evidence_field"": ""Book Name""}, {""source_record"": 10042, ""title"": ""সেরা কাস্টমার সার্ভিস"", ""author"": ""মো. মাহমুদুল হাসান"", ""evidence_field"": ""Book Name""}]"
philosophy,subject,knowledge,দর্শন ও চিন্তাচর্চা,Philosophy and intellectual thought,"Philosophical ideas, thinkers, ethics, reasoning and intellectual history.","[""দর্শন"", ""দার্শনিক"", ""চিন্তাচর্চা"", ""philosophy"", ""philosophers"", ""intellectual history""]",দর্শন ও দার্শনিকদের চিন্তা সম্পর্কে বই,Books about philosophy and philosophers' ideas,"দর্শন ও চিন্তাচর্চা. Philosophy and intellectual thought. Philosophical ideas, thinkers, ethics, reasoning and intellectual history. Keywords: দর্শন, দার্শনিক, চিন্তাচর্চা, philosophy, philosophers, intellectual history.",25,"[{""source_record"": 7683, ""title"": ""সেইসব দার্শনিক"", ""author"": ""সরদার ফজলুল করিম"", ""evidence_field"": ""Book Name""}, {""source_record"": 8076, ""title"": ""বিশ্বের শ্রেষ্ঠ দশ দার্শনিক"", ""author"": ""সৈয়দ আবুল মকসুদ"", ""evidence_field"": ""Book Name""}]"
science,subject,knowledge,বিজ্ঞান ও বৈজ্ঞানিক চিন্তা,Science and scientific thought,"Scientific ideas, discoveries, evolution and the lives and work of scientists.","[""বিজ্ঞান"", ""বৈজ্ঞানিক"", ""বিবর্তন"", ""বিজ্ঞানী"", ""science"", ""scientific thought"", ""evolution""]",বিবর্তন ও বিজ্ঞানের ইতিহাস নিয়ে বই,Books about evolution and the history of science,"বিজ্ঞান ও বৈজ্ঞানিক চিন্তা. Science and scientific thought. Scientific ideas, discoveries, evolution and the lives and work of scientists. Keywords: বিজ্ঞান, বৈজ্ঞানিক, বিবর্তন, বিজ্ঞানী, science, scientific thought, evolution.",45,"[{""source_record"": 4257, ""title"": ""জৈববিবর্তনবাদ: দেড়শ’ বছরের দ্বন্দ বিরোধ"", ""author"": ""প্রকৌশলী মোঃ মনিরুল ইসলাম"", ""evidence_field"": ""Book Name""}, {""source_record"": 7602, ""title"": ""বিজ্ঞানীদের কাণ্ডকারখানা"", ""author"": ""রাগিব হাসান"", ""evidence_field"": ""Book Name""}]"
education,subject,knowledge,শিক্ষা ও শিক্ষাপ্রতিষ্ঠান,Education and educational institutions,"Educational thought, schools, universities, teaching and institutional histories.","[""শিক্ষা"", ""শিক্ষাব্যবস্থা"", ""বিদ্যালয়"", ""বিশ্ববিদ্যালয়"", ""education"", ""universities"", ""schools""]",বাংলাদেশের বিশ্ববিদ্যালয় ও শিক্ষাব্যবস্থার ইতিহাস নিয়ে বই,Books about the history of education and universities in Bangladesh,"শিক্ষা ও শিক্ষাপ্রতিষ্ঠান. Education and educational institutions. Educational thought, schools, universities, teaching and institutional histories. Keywords: শিক্ষা, শিক্ষাব্যবস্থা, বিদ্যালয়, বিশ্ববিদ্যালয়, education, universities, schools.",50,"[{""source_record"": 4014, ""title"": ""বিশ্ববিদ্যালয়ের ইতিহাস: আদিপর্ব"", ""author"": ""শিশির ভট্টাচার্য্য"", ""evidence_field"": ""Book Name""}, {""source_record"": 3006, ""title"": ""রাজশাহী বিশ্ববিদ্যালয়ের সাত দশক"", ""author"": ""সনৎকুমার সাহা"", ""evidence_field"": ""Book Name""}]"
health_medicine,subject,knowledge,"স্বাস্থ্য, চিকিৎসা ও জনস্বাস্থ্য","Health, medicine and public health","Medical experiences, healthcare, public health movements and medical figures.","[""স্বাস্থ্য"", ""চিকিৎসা"", ""জনস্বাস্থ্য"", ""health"", ""medicine"", ""public health""]",জনস্বাস্থ্য আন্দোলন ও চিকিৎসকদের অভিজ্ঞতা নিয়ে বই,Books about public health movements and doctors' experiences,"স্বাস্থ্য, চিকিৎসা ও জনস্বাস্থ্য. Health, medicine and public health. Medical experiences, healthcare, public health movements and medical figures. Keywords: স্বাস্থ্য, চিকিৎসা, জনস্বাস্থ্য, health, medicine, public health.",5,"[{""source_record"": 9912, ""title"": ""স্বাস্থ্য অর্থনীতি ও আমাদের উন্নয়ন ভাবনা"", ""author"": ""শরীফ নাফে আচ্ছাবের"", ""evidence_field"": ""Book Name""}, {""source_record"": 8625, ""title"": ""জনস্বাস্থ্য আন্দোলনের রূপকার ও সমাজ বিপ্লবী: ডা. জাফরুল্লাহ চৌধুরী"", ""author"": ""নেসার আমিন"", ""evidence_field"": ""Book Name""}]"
sports,subject,knowledge,ক্রীড়া ও ক্রীড়াব্যক্তিত্ব,Sports and sporting figures,"Sporting lives, athletes, sports personalities and sports culture.","[""ক্রীড়া"", ""খেলাধুলা"", ""ক্রিকেট"", ""ফুটবল"", ""sports"", ""athletes""]",ক্রীড়াব্যক্তিত্বদের জীবন ও অভিজ্ঞতা নিয়ে বই,Books about the lives and experiences of sporting figures,"ক্রীড়া ও ক্রীড়াব্যক্তিত্ব. Sports and sporting figures. Sporting lives, athletes, sports personalities and sports culture. Keywords: ক্রীড়া, খেলাধুলা, ক্রিকেট, ফুটবল, sports, athletes.",4,"[{""source_record"": 8496, ""title"": ""সেরা ১০০ ক্রীড়াব্যাক্তিত্ব"", ""author"": ""হাসান শরীফ"", ""evidence_field"": ""Book Name""}, {""source_record"": 9128, ""title"": ""ক্রীড়াঙ্গনের আলোকবর্তিকা"", ""author"": ""মোঃ আনিসুর রহমান"", ""evidence_field"": ""Book Name""}]"
history_form,form,formats,ইতিহাসগ্রন্থ,Historical accounts,"Books presented as historical accounts; combine with a subject, place or period.","[""ইতিহাসগ্রন্থ"", ""ঐতিহাসিক বিবরণ"", ""history books"", ""historical accounts""]",বাংলার ইতিহাসের বই,Historical accounts of Bengal,"ইতিহাসগ্রন্থ. Historical accounts. Books presented as historical accounts; combine with a subject, place or period. Keywords: ইতিহাসগ্রন্থ, ঐতিহাসিক বিবরণ, history books, historical accounts.",783,"[{""source_record"": 2788, ""title"": ""বাংলাদেশের ইতিহাসের রূপরেখা"", ""author"": ""আশফাক হোসেন"", ""evidence_field"": ""Book Name""}, {""source_record"": 2666, ""title"": ""মুঘল ভারতের ইতিহাস"", ""author"": ""ড. মোহাম্মদ ছিদ্দিকুর রহমান খান"", ""evidence_field"": ""Book Name""}]"
biography,form,formats,জীবনী,Biography,"Accounts of another person's life, distinct from first-person autobiography.","[""জীবনী"", ""জীবনচরিত"", ""জীবন ও কর্ম"", ""biography"", ""life story""]",একজন বিজ্ঞানীর জীবনী,A biography of a scientist,"জীবনী. Biography. Accounts of another person's life, distinct from first-person autobiography. Keywords: জীবনী, জীবনচরিত, জীবন ও কর্ম, biography, life story.",65,"[{""source_record"": 8616, ""title"": ""আহমদ শরীফ : জীবন ও কর্ম"", ""author"": ""মাসুদ রহমান"", ""evidence_field"": ""Book Name""}, {""source_record"": 7463, ""title"": ""জীবন ও কর্ম : আয়েশা রাযি."", ""author"": ""মুহাম্মদ আদম আলী,রাশীদ হাইলামায"", ""evidence_field"": ""Book Name""}]"
autobiography_memoir,form,formats,আত্মজীবনী ও স্মৃতিকথা,Autobiography and memoir,"First-person life narratives, recollections and memories of particular experiences.","[""আত্মজীবনী"", ""স্মৃতিকথা"", ""স্মৃতিচারণ"", ""আত্মকথা"", ""autobiography"", ""memoir""]",একজন মুক্তিযোদ্ধার স্মৃতিকথা,A freedom fighter's memoir,"আত্মজীবনী ও স্মৃতিকথা. Autobiography and memoir. First-person life narratives, recollections and memories of particular experiences. Keywords: আত্মজীবনী, স্মৃতিকথা, স্মৃতিচারণ, আত্মকথা, autobiography, memoir.",59,"[{""source_record"": 3, ""title"": ""একাত্তরের স্মৃতিকথা"", ""author"": ""মোহাম্মদ মতিউর রহমান সেলিম"", ""evidence_field"": ""Book Name""}, {""source_record"": 195, ""title"": ""গেরিলা নারী : নারী মুক্তিযোদ্ধাদের স্মৃতিকথা"", ""author"": ""বিচারপতি মুহাম্মদ হাবিবুর রহমান"", ""evidence_field"": ""Book Name""}]"
diary,form,formats,ডায়েরি ও দিনলিপি,Diaries and journals,"Dated journals, diaries and day-by-day records of personal or historical experience.","[""ডায়েরি"", ""ডায়েরি"", ""দিনলিপি"", ""রোজনামচা"", ""diary"", ""journal""]",একাত্তরের যুদ্ধদিনের ডায়েরি,Diaries written during the 1971 war,"ডায়েরি ও দিনলিপি. Diaries and journals. Dated journals, diaries and day-by-day records of personal or historical experience. Keywords: ডায়েরি, ডায়েরি, দিনলিপি, রোজনামচা, diary, journal.",77,"[{""source_record"": 284, ""title"": ""৭১ এর রোজনামচা"", ""author"": ""আহসান হাবীব (কার্টুনিস্ট)"", ""evidence_field"": ""Book Name""}, {""source_record"": 5980, ""title"": ""কানাডার রোজনামচা"", ""author"": ""জাভেদ ইকবাল"", ""evidence_field"": ""Book Name""}]"
novel,form,formats,উপন্যাস,Novels,Long-form fictional narratives; historical subject matter does not make them factual accounts.,"[""উপন্যাস"", ""ফিকশন"", ""কিশোর উপন্যাস"", ""novel"", ""fiction""]",মুক্তিযুদ্ধের পটভূমিতে লেখা উপন্যাস,Novels set during the Liberation War,"উপন্যাস. Novels. Long-form fictional narratives; historical subject matter does not make them factual accounts. Keywords: উপন্যাস, ফিকশন, কিশোর উপন্যাস, novel, fiction.",46,"[{""source_record"": 20, ""title"": ""মুক্তিযুদ্ধের উপন্যাস - মুক্তি"", ""author"": ""শাহআলম সাজু"", ""evidence_field"": ""Book Name""}, {""source_record"": 64, ""title"": ""সেরা পাঁচ মুক্তিযুদ্ধের উপন্যাস"", ""author"": ""হুমায়ূন আহমেদ"", ""evidence_field"": ""Book Name""}]"
short_story,form,formats,গল্প ও ছোটগল্প,Stories and short fiction,"Stories and short-story collections; narrative nonfiction can also use the word story, so verify the flap.","[""গল্প"", ""ছোটগল্প"", ""গল্পগ্রন্থ"", ""short stories"", ""story collection""]",দেশভাগ নিয়ে ছোটগল্প,Short stories about Partition,"গল্প ও ছোটগল্প. Stories and short fiction. Stories and short-story collections; narrative nonfiction can also use the word story, so verify the flap. Keywords: গল্প, ছোটগল্প, গল্পগ্রন্থ, short stories, story collection.",354,"[{""source_record"": 1444, ""title"": ""গল্পগুলো বিজয়ের"", ""author"": ""ফখরুল হাসান"", ""evidence_field"": ""Book Name""}, {""source_record"": 5056, ""title"": ""গল্পগুলো সিরিয়ার"", ""author"": ""মোজাম্মেল হোসেন ত্বোহা"", ""evidence_field"": ""Book Name""}]"
poetry,form,formats,"কবিতা, কাব্য ও ছড়া",Poetry and rhymes,"Poems, verse, poetry collections and rhymes.","[""কবিতা"", ""কাব্য"", ""ছড়া"", ""ছড়া"", ""poetry"", ""verse"", ""rhymes""]",স্বাধীনতা নিয়ে কবিতা ও ছড়া,Poetry and rhymes about independence,"কবিতা, কাব্য ও ছড়া. Poetry and rhymes. Poems, verse, poetry collections and rhymes. Keywords: কবিতা, কাব্য, ছড়া, ছড়া, poetry, verse, rhymes.",62,"[{""source_record"": 212, ""title"": ""মুক্তিযুদ্ধের কবিতা"", ""author"": ""আবুল হাসনাত"", ""evidence_field"": ""Book Name""}, {""source_record"": 357, ""title"": ""মুক্তিযুদ্ধের ছড়া কবিতা"", ""author"": ""রোকেয়া খাতুন রুবী"", ""evidence_field"": ""Book Name""}]"
essay,form,formats,প্রবন্ধ ও নিবন্ধ,Essays and articles,"Essays, analytical articles, columns and collected prose commentary.","[""প্রবন্ধ"", ""নিবন্ধ"", ""কলাম"", ""essay"", ""articles""]",সমাজ ও সংস্কৃতি নিয়ে প্রবন্ধ,Essays about society and culture,"প্রবন্ধ ও নিবন্ধ. Essays and articles. Essays, analytical articles, columns and collected prose commentary. Keywords: প্রবন্ধ, নিবন্ধ, কলাম, essay, articles.",19,"[{""source_record"": 835, ""title"": ""সময়ের মুখোমুখি : বামপন্থা, মক্তিযুদ্ধ ও বুদ্ধিজীবীদের ভূমিকা সম্পর্কে বিতর্কমূলক নিবন্ধের সংকলন"", ""author"": ""হাসান শফি"", ""evidence_field"": ""Book Name""}, {""source_record"": 5070, ""title"": ""নির্বাচিত রাজনৈতিক প্রবন্ধ"", ""author"": ""আহমদ ছফা"", ""evidence_field"": ""Book Name""}]"
research,form,formats,গবেষণা ও বিশ্লেষণ,Research and analytical studies,"Research-based studies, theses and analytical investigations of a topic.","[""গবেষণা"", ""অভিসন্দর্ভ"", ""বিশ্লেষণ"", ""research"", ""thesis"", ""analytical study""]",ভাষা আন্দোলন নিয়ে গবেষণাগ্রন্থ,Research studies about the Language Movement,"গবেষণা ও বিশ্লেষণ. Research and analytical studies. Research-based studies, theses and analytical investigations of a topic. Keywords: গবেষণা, অভিসন্দর্ভ, বিশ্লেষণ, research, thesis, analytical study.",13,"[{""source_record"": 1050, ""title"": ""তাত্ত্বিক বিশ্লেষণে আমাদের স্বাধীনতা সংগ্রাম"", ""author"": ""ওমর খালেদ রুমি"", ""evidence_field"": ""Book Name""}, {""source_record"": 1971, ""title"": ""জীবন আমার বোন: মূল্যায়ন ও বিশ্লেষণ"", ""author"": ""মাহমুদুল হক"", ""evidence_field"": ""Book Name""}]"
reference,form,formats,"অভিধান, তথ্যকোষ ও রেফারেন্স","Dictionaries, encyclopedias and reference","Works designed for consultation, including dictionaries, encyclopedias and glossaries.","[""অভিধান"", ""তথ্যকোষ"", ""বিশ্বকোষ"", ""পরিভাষা"", ""dictionary"", ""encyclopedia"", ""reference""]",অর্থনীতির পরিভাষা শেখার অভিধান,A reference book explaining economic terminology,"অভিধান, তথ্যকোষ ও রেফারেন্স. Dictionaries, encyclopedias and reference. Works designed for consultation, including dictionaries, encyclopedias and glossaries. Keywords: অভিধান, তথ্যকোষ, বিশ্বকোষ, পরিভাষা, dictionary, encyclopedia, reference.",11,"[{""source_record"": 4432, ""title"": ""ক্রুসেড বিশ্বকোষ"", ""author"": ""ড. আলী মুহাম্মদ সাল্লাবি"", ""evidence_field"": ""Book Name""}, {""source_record"": 6675, ""title"": ""বাউল-লালন পরিভাষা"", ""author"": ""ড. মোঃ আবদুল করিম মিঞা"", ""evidence_field"": ""Book Name""}]"
interview,form,formats,সাক্ষাৎকার,Interviews,"Interviews, conversations and question-and-answer collections.","[""সাক্ষাৎকার"", ""সাক্ষাত্কার"", ""ইন্টারভিউ"", ""কথোপকথন"", ""interviews"", ""conversations""]",চলচ্চিত্র নির্মাতাদের সাক্ষাৎকার,Interviews with filmmakers,"সাক্ষাৎকার. Interviews. Interviews, conversations and question-and-answer collections. Keywords: সাক্ষাৎকার, সাক্ষাত্কার, ইন্টারভিউ, কথোপকথন, interviews, conversations.",54,"[{""source_record"": 8749, ""title"": ""অর্ধশত সাক্ষাৎকারে আল মাহমুদ"", ""author"": ""সরদার আবদুর রহমান"", ""evidence_field"": ""Book Name""}, {""source_record"": 7980, ""title"": ""অবয়বধর্মী চিত্রকলা : সাক্ষাৎকারে সম্ভাবনার সুত্র"", ""author"": ""রাশেদ সুখন"", ""evidence_field"": ""Book Name""}]"
letters,form,formats,চিঠিপত্র,Letters and correspondence,"Personal letters, correspondence and edited collections of letters.","[""চিঠিপত্র"", ""চিঠি"", ""পত্রাবলি"", ""পত্রগুচ্ছ"", ""letters"", ""correspondence""]",রবীন্দ্রনাথের চিঠিপত্র,Collections of Tagore's letters,"চিঠিপত্র. Letters and correspondence. Personal letters, correspondence and edited collections of letters. Keywords: চিঠিপত্র, চিঠি, পত্রাবলি, পত্রগুচ্ছ, letters, correspondence.",36,"[{""source_record"": 8571, ""title"": ""সুকান্তের গল্পসমগ্র ও পত্রগুচ্ছ"", ""author"": ""সুকান্ত ভট্টাচার্য"", ""evidence_field"": ""Book Name""}, {""source_record"": 7698, ""title"": ""নজরুলের পত্রাবলি"", ""author"": ""কাজী নজরুল ইসলাম"", ""evidence_field"": ""Book Name""}]"
anthology,form,formats,সংকলন ও রচনাসমগ্র,Anthologies and collected works,"Selected or collected writings, multi-author anthologies and complete works.","[""সংকলন"", ""সমগ্র"", ""রচনাবলি"", ""নির্বাচিত"", ""anthology"", ""collected works""]",মুক্তিযুদ্ধের নির্বাচিত গল্পের সংকলন,An anthology of selected Liberation War stories,"সংকলন ও রচনাসমগ্র. Anthologies and collected works. Selected or collected writings, multi-author anthologies and complete works. Keywords: সংকলন, সমগ্র, রচনাবলি, নির্বাচিত, anthology, collected works.",140,"[{""source_record"": 1860, ""title"": ""নির্বাচিত কলাম"", ""author"": ""আহমদ রফিক"", ""evidence_field"": ""Book Name""}, {""source_record"": 3495, ""title"": ""নির্বাচিত সৌরভ"", ""author"": ""খান মাহবুব"", ""evidence_field"": ""Book Name""}]"
translation,form,formats,অনুবাদ,Translations,Works translated from another language; language of origin should be verified separately.,"[""অনুবাদ"", ""অনূদিত"", ""ভাষান্তর"", ""translation"", ""translated books""]",বাংলায় অনূদিত বিশ্ব ইতিহাসের বই,World history books translated into Bengali,"অনুবাদ. Translations. Works translated from another language; language of origin should be verified separately. Keywords: অনুবাদ, অনূদিত, ভাষান্তর, translation, translated books.",2,"[{""source_record"": 9170, ""title"": ""অনূদিত কথাসমগ্র : বিশ্ববরেণ্য ২৫ জনের সাক্ষাৎকার"", ""author"": ""রাজু আলাউদ্দিন"", ""evidence_field"": ""Book Name""}, {""source_record"": 8437, ""title"": ""গবেষণা সিরিজ-৩৫পৃথিবীর শ্রেষ্ঠতম ব্যক্তির একমাত্র হাজ্জের ভাষণ যুগের জ্ঞানের ভিত্তিতে অনুবাদ ও শি"", ""author"": ""প্রফেসর ডাঃ মোঃ মতিয়ার রহমান"", ""evidence_field"": ""Book Name""}]"
play,form,formats,নাটক,Plays,Dramatic texts and scripts; distinguish these from books analysing theatre.,"[""নাটক"", ""নাটিকা"", ""নাট্যগ্রন্থ"", ""play"", ""drama"", ""script""]",মুক্তিযুদ্ধ নিয়ে লেখা নাটক,Plays about the Liberation War,"নাটক. Plays. Dramatic texts and scripts; distinguish these from books analysing theatre. Keywords: নাটক, নাটিকা, নাট্যগ্রন্থ, play, drama, script.",1,"[{""source_record"": 1311, ""title"": ""মুক্তিযুদ্ধের তিন নাটক"", ""author"": ""আবদুল মান্নান"", ""evidence_field"": ""Book Name""}]"
children_young_adults,audience,audiences,শিশু-কিশোর,Children and young adults,Books explicitly intended for children or young readers; combine with subject and form.,"[""শিশু"", ""কিশোর"", ""ছোটদের"", ""শিশুতোষ"", ""children"", ""young adults""]",কিশোরদের জন্য মুক্তিযুদ্ধের গল্প,Liberation War stories for young readers,"শিশু-কিশোর. Children and young adults. Books explicitly intended for children or young readers; combine with subject and form. Keywords: শিশু, কিশোর, ছোটদের, শিশুতোষ, children, young adults.",219,"[{""source_record"": 9060, ""title"": ""শিশু-কিশোরদের নজরুল"", ""author"": ""সাকিব জামাল"", ""evidence_field"": ""Book Name""}, {""source_record"": 9079, ""title"": ""কিশোরদের নওয়াব সলিমুল্লাহ"", ""author"": ""ড. মোঃ আনোয়ার হোসেন"", ""evidence_field"": ""Book Name""}]"
